USB4F00653_1:101,
345.24,-352.65419
345.458,-352.65419
345.676,-352.65419
345.894,-344.20366
346.113,-397.0296
346.331,81.77971
346.549,31.24388
346.767,172.27428
346.986,5.96852
347.204,119.66872
347.422,-171.10116
347.64,-137.35411
347.858,-95.18331
348.077,18.60682
348.295,224.85914
348.513,-82.53488
348.731,-168.9917
348.949,102.83052
349.167,149.13041
349.385,428.698
349.603,-0.3511
349.821,52.30287
350.039,92.30554
350.257,214.34381
350.475,-17.20495
350.693,5.96852
350.911,111.24989
351.129,39.66789
351.347,199.62097
351.565,-2.45771
351.783,168.06661
352.001,125.98249
352.219,256.40024
352.437,-95.18331
352.655,128.08702
352.873,369.8884
353.091,58.6199
353.308,237.47645
353.526,187.00012
353.744,229.06504
353.962,220.6531
354.18,10.18143
354.398,27.03166
354.615,302.64737
354.833,117.56406
355.051,205.93096
355.269,58.6199
355.486,111.24989
355.704,104.93541
355.922,-34.06104
356.139,12.28783
356.357,102.83052
356.575,233.27081
356.792,18.60682
357.01,94.4106
357.228,-12.99128
357.445,300.54556
357.663,92.30554
357.88,182.7929
358.098,142.81774
358.316,98.62063
358.533,155.44277
358.751,98.62063
358.968,33.34993
359.186,-31.95391
359.403,43.87969
359.621,165.96272
359.838,226.9621
360.056,62.83109
360.273,187.00012
360.491,155.44277
360.708,342.57563
360.925,201.72433
361.143,-25.63272
361.36,43.87969
361.578,357.28317
361.795,151.23456
362.012,157.54683
362.23,199.62097
362.447,151.23456
362.664,260.60516
362.882,100.72559
363.099,336.27193
363.316,453.8947
363.533,413.99788
363.751,338.3732
363.968,432.89775
364.185,315.25753
364.402,887.87208
364.62,590.30121
364.837,542.04873
365.054,302.64737
365.271,201.72433
365.488,189.10368
365.705,233.27081
365.923,27.03166
366.14,85.99015
366.357,-23.52572
366.574,262.70758
366.791,220.6531
367.008,205.93096
367.225,-23.52572
367.442,-25.63272
367.659,90.20044
367.876,-21.41876
368.093,134.40039
368.31,-6.67103
368.527,180.68924
368.744,161.75484
368.961,208.03422
369.178,35.45595
369.395,319.46067
369.612,311.05427
369.829,71.25304
370.046,81.77971
370.263,189.10368
370.479,191.2072
370.696,24.9255
370.913,115.45937
371.13,178.58555
371.347,199.62097
371.564,147.02622
371.78,5.96852
371.997,67.04213
372.214,140.71345
372.431,195.41415
372.647,138.60913
372.864,172.27428
373.081,172.27428
373.297,77.56915
373.514,77.56915
373.731,109.1451
373.948,332.06931
374.164,12.28783
374.381,73.35844
374.597,302.64737
374.814,83.88495
375.031,69.1476
375.247,-19.31184
375.464,31.24388
375.68,-44.59724
375.897,279.52575
376.113,187.00012
376.33,94.4106
376.546,102.83052
376.763,104.93541
376.979,5.96852
377.196,132.29596
377.412,203.82766
377.629,102.83052
377.845,69.1476
378.062,203.82766
378.278,77.56915
378.495,153.33868
378.711,37.56194
378.927,252.19518
379.144,237.47645
379.36,29.13779
379.576,-8.77774
379.793,210.13745
380.009,247.98999
380.225,247.98999
380.442,262.70758
380.658,336.27193
380.874,161.75484
381.09,54.40859
381.307,229.06504
381.523,346.77795
381.739,136.50477
381.955,233.27081
382.171,52.30287
382.388,104.93541
382.604,-44.59724
382.82,168.06661
383.036,-2.45771
383.252,138.60913
383.468,397.19589
383.684,153.33868
383.9,208.03422
384.116,241.68197
384.332,-10.88449
384.549,203.82766
384.765,296.34185
384.981,153.33868
385.197,142.81774
385.413,102.83052
385.629,27.03166
385.844,94.4106
386.06,149.13041
386.276,67.04213
386.492,300.54556
386.708,168.06661
386.924,287.93406
387.14,168.06661
387.356,115.45937
387.572,102.83052
387.788,149.13041
388.003,111.24989
388.219,48.09135
388.435,94.4106
388.651,271.11692
388.867,111.24989
389.082,157.54683
389.298,27.03166
389.514,273.21917
389.73,159.65085
389.945,52.30287
390.161,45.98554
390.377,14.39419
390.593,50.19713
390.808,264.80996
391.024,199.62097
391.239,33.34993
391.455,235.37365
391.671,159.65085
391.886,125.98249
392.102,380.39191
392.318,140.71345
392.533,157.54683
392.749,94.4106
392.964,-61.45699
393.18,20.71308
393.395,285.83203
393.611,119.66872
393.826,205.93096
394.042,75.46381
394.257,258.50272
394.473,111.24989
394.688,275.3214
394.904,107.04027
395.119,201.72433
395.334,71.25304
395.55,69.1476
395.765,12.28783
395.98,193.31069
396.196,279.52575
396.411,237.47645
396.626,306.85088
396.842,201.72433
397.057,239.57923
397.272,178.58555
397.488,149.13041
397.703,90.20044
397.918,62.83109
398.133,313.15592
398.349,203.82766
398.564,104.93541
398.779,338.3732
398.994,292.13802
399.209,170.17046
399.425,119.66872
399.64,539.95044
399.855,258.50272
400.07,214.34381
400.285,285.83203
400.5,222.75614
400.715,371.98917
400.93,411.89774
401.145,317.35912
401.36,243.78467
401.575,481.18616
401.79,269.01463
402.005,378.29127
402.22,688.85605
402.435,795.7273
402.65,1195.3495
402.865,1456.39005
403.08,1942.04153
403.295,1746.25099
403.51,1887.90452
403.725,2310.24738
403.94,2767.14211
404.155,2933.09617
404.37,2304.01137
404.585,1583.6471
404.799,787.34787
405.014,787.34787
405.229,434.99759
405.444,462.29262
405.659,287.93406
405.873,390.89463
406.088,302.64737
406.303,311.05427
406.518,594.49634
406.732,338.3732
406.947,462.29262
407.162,747.5395
407.376,497.97836
407.591,434.99759
407.806,399.29624
408.02,176.48183
408.235,327.86655
408.45,588.2036
408.664,275.3214
408.879,353.08117
409.093,294.23995
409.308,313.15592
409.522,290.03605
409.737,386.69363
409.952,329.96794
410.166,327.86655
410.381,359.38412
410.595,323.66367
410.81,222.75614
411.024,474.88859
411.238,357.28317
411.453,308.95259
411.667,653.21592
411.882,428.698
412.096,350.98013
412.31,361.48504
412.525,407.69736
412.739,447.59594
412.954,371.98917
413.168,168.06661
413.382,462.29262
413.597,445.49629
413.811,380.39191
414.025,527.36007
414.239,500.07725
414.454,546.24522
414.668,512.66995
414.882,376.1906
415.096,353.08117
415.31,502.17611
415.525,487.48347
415.739,544.14699
415.953,588.2036
416.167,592.39879
416.381,531.55698
416.595,426.59807
416.81,388.79414
417.024,569.32379
417.238,623.85898
417.452,552.53973
417.666,411.89774
417.88,602.88625
418.094,546.24522
418.308,439.19716
418.522,533.65539
418.736,621.76184
418.95,468.59074
419.164,638.53816
419.378,544.14699
419.592,690.95227
419.806,577.71511
420.02,544.14699
420.234,588.2036
420.447,737.06193
420.661,594.49634
420.875,672.08525
421.089,699.33686
421.303,720.29637
421.517,720.29637
421.73,422.39813
421.944,718.20054
422.158,688.85605
422.372,684.66352
422.586,653.21592
422.799,887.87208
423.013,588.2036
423.227,869.02857
423.44,661.60258
423.654,747.5395
423.868,929.73877
424.082,862.74691
424.295,619.66467
424.509,841.80629
424.722,774.77789
424.936,820.86294
425.15,862.74691
425.363,933.92485
425.577,929.73877
425.79,896.24628
426.004,1057.36705
426.217,837.61784
426.431,894.15277
426.644,921.36629
426.858,992.51891
427.071,825.05183
427.285,946.48246
427.498,1138.91532
427.712,904.62004
427.925,1138.91532
428.139,1191.1698
428.352,1199.52909
428.565,1230.87292
428.779,1276.83398
428.992,1289.3668
429.206,1149.36746
429.419,1053.18405
429.632,1299.81015
429.846,1310.25291
430.059,1368.72145
430.272,1174.45005
430.485,1445.95543
430.699,1326.9601
430.912,1341.57764
431.125,1251.76576
431.338,1326.9601
431.552,1671.21918
431.765,1510.64092
431.978,1790.00703
432.191,1777.50624
432.404,1742.08327
432.617,2021.14102
432.83,2183.41701
433.044,2004.49082
433.257,2227.08747
433.47,2742.24066
433.683,2765.06708
433.896,4234.99543
434.109,5582.37941
434.322,7578.58219
434.535,8371.62827
434.748,8480.46702
434.961,9748.70991
435.174,11985.97318
435.387,13832.48875
435.6,13064.00514
435.813,8823.33426
436.026,4753.32415
436.239,3430.41654
436.452,2810.71435
436.665,2750.54139
436.877,2233.32545
437.09,2623.92814
437.303,2320.64038
437.516,2407.92437
437.729,2331.03293
437.942,1806.67361
438.154,2233.32545
438.367,2150.13887
438.58,2029.46566
438.793,2200.05432
439.005,1987.83939
439.218,2102.29326
439.431,2062.76115
439.644,1931.63161
439.856,2039.87102
440.069,1969.10504
440.282,2075.24571
440.494,2064.84196
440.707,2019.05981
440.92,2108.53455
441.132,2012.81607
441.345,1962.85991
441.557,2212.53154
441.77,1919.13905
441.982,2087.72959
442.195,2227.08747
442.408,2012.81607
442.62,2247.88012
442.833,2515.9486
443.045,2208.37254
443.257,2235.40475
443.47,2206.29301
443.682,2131.41784
443.895,2368.44253
444.107,2077.3264
444.32,2256.19668
444.532,2189.65613
444.744,2233.32545
444.957,2528.41003
445.169,2368.44253
445.382,2638.46051
445.594,2428.7018
445.806,2557.4844
446.019,2488.94679
446.231,2493.1011
446.443,2422.46875
446.655,2584.47917
446.868,2366.36437
447.08,2613.54739
447.292,2572.02039
447.504,2833.53523
447.716,2466.09691
447.929,2507.64065
448.141,2731.8644
448.353,2638.46051
448.565,2792.04135
448.777,2806.5649
448.989,2796.19101
449.201,2848.05667
449.414,2659.21969
449.626,2636.3845
449.838,2877.09734
450.05,2912.35711
450.262,2814.86373
450.474,2922.72682
450.686,2837.68429
450.898,2972.49638
451.11,3061.64616
451.322,2953.83377
451.534,2889.54245
451.746,2995.30464
451.958,2808.63963
452.17,2987.01093
452.381,3252.29904
452.593,3059.57321
452.805,2922.72682
453.017,3065.79203
453.229,3105.17496
453.441,3204.64658
453.653,3152.84237
453.864,2837.68429
454.076,2937.24381
454.288,3156.98702
454.5,4139.93785
454.712,3140.40809
454.923,3270.94374
455.135,3067.86494
455.347,3163.20389
455.558,3241.94041
455.77,3347.58305
455.982,2933.09617
456.193,3185.99804
456.405,3063.7191
456.617,3156.98702
456.828,3244.01216
457.04,3051.28125
457.252,3080.30212
457.463,3248.15563
457.675,3084.44773
457.886,3055.42726
458.098,3194.28641
458.309,2781.66694
458.521,3125.90081
458.732,3183.92591
458.944,3341.36971
459.155,3326.87147
459.367,3219.15025
459.578,2964.20203
459.79,2889.54245
460.001,2738.09021
460.213,2918.57898
460.424,3229.50961
460.635,2864.65169
460.847,2860.50303
461.058,3082.37493
461.269,2777.51706
461.481,3318.58648
461.692,2812.78905
461.903,2941.39139
462.115,2854.27991
462.326,2779.59201
462.537,3084.44773
462.748,2920.65291
462.96,2837.68429
463.171,2748.46623
463.382,3090.66605
463.593,3082.37493
463.804,2970.42281
464.016,2744.31587
464.227,2748.46623
464.438,2928.94848
464.649,2719.41238
464.86,3022.25763
465.071,2899.91297
465.282,3001.52478
465.493,2964.20203
465.704,2709.03527
465.915,2895.76481
466.126,2777.51706
466.337,2850.1311
466.548,2837.68429
466.759,2688.27988
466.97,2997.37804
467.181,2671.67443
467.392,3107.24761
467.603,2845.98222
467.814,2970.42281
468.025,2717.33699
468.236,2926.87461
468.447,2796.19101
468.658,2891.61659
468.869,2762.99202
469.079,3028.47721
469.29,3047.13519
469.501,2792.04135
469.712,2995.30464
469.923,2912.35711
470.133,2773.36713
470.344,2754.69166
470.555,2881.24577
470.766,2800.34061
470.976,2895.76481
471.187,3020.18441
471.398,2918.57898
471.609,2787.89163
471.819,3150.77002
472.03,3138.33566
472.24,2835.60977
472.451,2729.78911
472.662,2848.05667
472.872,2848.05667
473.083,2962.12841
473.293,3096.88424
473.504,2850.1311
473.715,3221.22215
473.925,2955.90745
474.136,2955.90745
474.346,3059.57321
474.557,2976.64346
474.767,2771.29214
474.978,2848.05667
475.188,2736.01495
475.398,3053.35426
475.609,2792.04135
475.819,2899.91297
476.03,2715.26158
476.24,2881.24577
476.45,2978.71699
476.661,3194.28641
476.871,3163.20389
477.081,2895.76481
477.292,3028.47721
477.502,2978.71699
477.712,3003.59813
477.923,3289.58738
478.133,3057.50024
478.343,3107.24761
478.553,2995.30464
478.764,3103.1023
478.974,3107.24761
479.184,2955.90745
479.394,3090.66605
479.604,3246.0839
479.814,3088.59329
480.025,3326.87147
480.235,3411.78078
480.445,3349.65413
480.655,3266.80057
480.865,3490.45824
481.075,3782.24068
481.285,3633.27473
481.495,3709.83416
481.705,3887.7226
481.915,3978.70367
482.125,4286.64833
482.335,4350.68946
482.545,4489.06969
482.755,4709.9798
482.965,4877.14449
483.175,5112.32185
483.385,5450.47148
483.595,5370.07584
483.805,5652.44395
484.014,6144.74263
484.224,6513.22311
484.434,6387.67238
484.644,6741.63121
484.854,6546.15098
485.064,6976.14383
485.273,7397.68892
485.483,7952.58834
485.693,7572.41598
485.903,7808.7577
486.112,7843.69003
486.322,8180.6179
486.532,8338.76892
486.742,8256.61575
486.951,8108.72255
487.161,8184.72605
487.371,7895.05873
487.58,8118.99364
487.79,7927.93322
488,7849.85442
488.209,7800.53813
488.419,7732.72396
488.628,7383.2981
488.838,7763.5492
489.047,7210.58971
489.257,6858.89603
489.466,7196.19579
489.676,6823.92411
489.885,6786.89336
490.095,7089.26185
490.304,7076.92245
490.514,6673.73312
490.723,6620.2335
490.933,6597.59793
491.142,6626.40672
491.351,6770.43469
491.561,6811.58072
491.77,6424.72233
491.98,6128.26982
492.189,6330.03542
492.398,6045.89991
492.608,5957.34122
492.817,5833.75143
493.026,5891.42953
493.235,5990.29464
493.445,5734.86281
493.654,5588.56189
493.863,5815.21096
494.072,5813.15088
494.282,5266.9883
494.491,5337.08983
494.7,5405.12144
494.909,5157.69513
495.118,5250.49258
495.327,5007.1238
495.536,4996.80915
495.746,5031.87813
495.955,4906.03158
496.164,4755.38807
496.373,4840.00157
496.582,4788.40967
496.791,4726.49238
497,4689.33829
497.209,4334.16361
497.418,4813.17444
497.627,4416.78678
497.836,4433.30959
498.045,4509.71986
498.254,4274.2522
498.463,4315.57129
498.672,4253.59119
498.881,4129.60421
499.089,4067.59702
499.298,4268.054
499.507,4020.05184
499.716,3991.10857
499.925,4224.66411
500.134,3819.47291
500.342,3931.148
500.551,3943.55438
500.76,3707.7652
500.969,3695.35117
501.177,3831.88284
501.386,3840.15591
501.595,3689.144
501.804,3643.62154
502.012,3641.5522
502.221,3730.52317
502.43,3558.76895
502.638,3434.55769
502.847,3496.66886
503.056,3544.27991
503.264,3873.2464
503.473,3507.01964
503.681,3384.86064
503.89,3554.62929
504.098,3339.29857
504.307,3513.22996
504.516,3335.15626
504.724,3297.8731
504.933,3585.67561
505.141,3484.24752
505.349,3554.62929
505.558,3482.17725
505.766,3635.34412
505.975,3291.65883
506.183,3434.55769
506.392,3434.55769
506.6,3432.48712
506.808,3446.98082
507.017,3380.71889
507.225,3556.69913
507.433,3366.22236
507.642,3629.13593
507.85,3507.01964
508.058,3486.31777
508.267,3438.69878
508.475,3722.2477
508.683,3693.28212
508.891,3546.34981
509.1,3726.38546
509.308,3442.83983
509.516,3583.60594
509.724,3703.62723
509.932,3571.18766
510.14,3567.04814
510.349,3755.34846
510.557,3778.10354
510.765,3631.20534
510.973,3658.10657
511.181,3635.34412
511.389,3716.04098
511.597,3604.3021
511.805,3649.82948
512.013,3738.79845
512.221,3716.04098
512.429,3740.86724
512.637,3838.08766
512.845,3724.31659
513.053,3614.64974
513.261,3633.27473
513.469,3738.79845
513.677,3693.28212
513.885,3761.55453
514.093,3680.86761
514.3,3585.67561
514.508,3790.51482
514.716,4108.93618
514.924,3641.5522
515.132,3871.17833
515.34,3831.88284
515.547,3807.06257
515.755,3486.31777
515.963,3864.97404
516.171,3813.26779
516.378,3871.17833
516.586,3836.0194
516.794,3955.96036
517.001,3807.06257
517.209,3778.10354
517.417,3778.10354
517.624,3895.99448
517.832,3689.144
518.04,3875.31446
518.247,3807.06257
518.455,3916.6734
518.662,3695.35117
518.87,3823.6096
519.078,3728.45432
519.285,3577.39685
519.493,3825.67792
519.7,3895.99448
519.908,3910.46984
520.115,3980.77118
520.323,3680.86761
520.53,3637.41349
520.737,3711.90311
520.945,3604.3021
521.152,3858.76966
521.36,3751.21103
521.567,3776.03495
521.774,3600.16296
521.982,3703.62723
522.189,3685.00583
522.396,3881.51858
522.604,3624.99708
522.811,3749.14229
523.018,3935.2835
523.226,3771.89775
523.433,3620.85818
523.64,3610.51072
523.847,3571.18766
524.054,3562.90857
524.262,3819.47291
524.469,3480.10697
524.676,4090.33407
524.883,3742.93602
525.09,3800.85725
525.297,3620.85818
525.505,3811.19939
525.712,3724.31659
525.919,3722.2477
526.126,3713.97205
526.333,3480.10697
526.54,3707.7652
526.747,3478.03668
526.954,3585.67561
527.161,3645.69086
527.368,3533.93023
527.575,3567.04814
527.782,3687.07492
527.989,3689.144
528.196,3618.78871
528.403,3602.23254
528.61,3898.06242
528.816,3726.38546
529.023,3591.88455
529.23,3699.48922
529.437,3844.29237
529.644,3633.27473
529.851,3784.30923
530.057,3651.89877
530.264,3571.18766
530.471,3862.90593
530.678,3707.7652
530.884,3606.37165
531.091,3687.07492
531.298,3670.52186
531.505,3738.79845
531.711,3858.76966
531.918,3716.04098
532.125,4042.79153
532.331,4241.19411
532.538,4220.53152
532.745,4416.78678
532.951,4551.01747
533.158,4394.06692
533.364,4361.01781
533.571,4530.36912
533.777,4610.89258
533.984,4517.97968
534.19,4660.43872
534.397,4480.80936
534.603,4724.42834
534.81,4596.44066
535.016,5108.19682
535.223,4984.43132
535.429,5180.38037
535.636,5349.4598
535.842,5442.22627
536.048,5741.04379
536.255,6099.44146
536.461,6607.88691
536.668,6823.92411
536.874,7449.08279
537.08,7991.62429
537.287,8036.82181
537.493,8611.87907
537.699,8962.91165
537.905,9551.80278
538.112,9847.14973
538.318,10468.34091
538.524,11080.97785
538.73,11928.66588
538.936,12393.17574
539.143,14122.57198
539.349,15100.53032
539.555,16848.19929
539.761,18392.09147
539.967,20854.11584
540.173,22574.79419
540.379,25853.68388
540.585,28182.89694
540.792,31467.83335
540.998,33757.70023
541.204,36271.82936
541.41,36795.50154
541.616,37804.95774
541.822,37332.12057
542.028,37126.94023
542.234,35880.95675
542.44,34885.38518
542.645,34511.98958
542.851,33580.60733
543.057,32872.77574
543.263,33185.43272
543.469,33115.48182
543.675,32950.9244
543.881,32911.84877
544.087,32961.20789
544.292,34202.73341
544.498,35860.28345
544.704,38394.52213
544.91,42438.19008
545.116,45411.94634
545.321,52541.79165
545.527,55322.65368
545.733,57386.3521
545.938,56829.49805
546.144,53097.57781
546.35,48048.51894
546.555,43719.63438
546.761,39571.49306
546.967,37587.15154
547.172,33403.56876
547.378,30973.57451
547.584,27860.29739
547.789,25784.41645
547.995,24593.15832
548.2,23246.06625
548.406,22184.27598
548.611,21521.23657
548.817,20105.554
549.022,19430.08423
549.228,18402.27052
549.433,17913.60834
549.639,17125.32218
549.844,16234.65565
550.05,15520.85424
550.255,14780.08285
550.46,14285.96525
550.666,13364.51486
550.871,12898.38214
551.076,12258.14085
551.282,11594.9945
551.487,11314.46622
551.692,10613.84832
551.898,10406.85296
552.103,9964.03514
552.308,9430.76868
552.513,8971.12149
552.719,8667.31335
552.924,8480.46702
553.129,7853.96399
553.334,7816.97719
553.54,7420.30259
553.745,7118.05309
553.95,6817.75244
554.155,6507.04898
554.36,6369.14671
554.565,6015.00865
554.77,5788.42935
554.975,5458.71657
555.18,5493.75694
555.385,5464.90031
555.59,5013.31249
555.795,5069.00749
556,4994.7462
556.205,4899.84163
556.41,4842.06513
556.615,4645.98829
556.82,4501.4599
557.025,4418.85216
557.23,4515.91474
557.435,4363.08345
557.64,4276.31824
557.845,4181.26985
558.05,5112.32185
558.255,4065.52995
558.459,4020.05184
558.664,4092.40101
558.869,4040.72434
559.074,3939.41896
559.279,3914.60556
559.483,3788.4463
559.688,3771.89775
559.893,3492.52846
560.098,3724.31659
560.302,3531.86026
560.507,3755.34846
560.712,3480.10697
560.916,3482.17725
561.121,3277.15841
561.325,3587.74526
561.53,3295.80169
561.735,3409.71007
561.939,3525.65027
562.144,3492.52846
562.348,3428.34595
562.553,3326.87147
562.757,3620.85818
562.962,3378.64799
563.166,3304.08725
563.371,3285.44444
563.575,3453.19221
563.78,3260.58571
563.984,3229.50961
564.189,3229.50961
564.393,3316.5152
564.598,3123.82829
564.802,3055.42726
565.006,3171.49286
565.211,3150.77002
565.415,3053.35426
565.619,3028.47721
565.824,3161.13161
566.028,3165.27615
566.232,2974.56993
566.436,3038.8429
566.641,2908.20912
566.845,3098.95694
567.049,2912.35711
567.253,3036.76979
567.458,3084.44773
567.662,3024.33084
567.866,2833.53523
568.07,3053.35426
568.274,3208.79055
568.478,2804.49015
568.682,3076.15645
568.887,3113.46547
569.091,2833.53523
569.295,3144.5529
569.499,3045.06214
569.703,2978.71699
569.907,3281.30145
570.111,3047.13519
570.315,2943.46515
570.519,2796.19101
570.723,2978.71699
570.927,2821.0877
571.131,2798.26582
571.335,2854.27991
571.538,2835.60977
571.742,2939.3176
571.946,3059.57321
572.15,2906.13511
572.354,3127.97332
572.558,2715.26158
572.762,3018.11118
572.965,3167.3484
573.169,2920.65291
573.373,3026.40404
573.577,3009.81809
573.78,3007.74478
573.984,2914.43108
574.188,3115.53806
574.392,3246.0839
574.595,3115.53806
574.799,3393.14399
575.003,3500.80921
575.206,3589.81491
575.41,3515.30004
575.613,4257.72347
575.817,5415.42857
576.021,5734.86281
576.224,6967.91646
576.428,7642.29728
576.631,7958.75202
576.835,8203.21248
577.038,7884.78521
577.242,7919.71471
577.445,7194.13949
577.649,7031.67642
577.852,7144.78693
578.056,7597.08058
578.259,7808.7577
578.462,8490.73421
578.666,8400.37929
578.869,8817.176
579.073,8679.63167
579.276,8622.1449
579.479,8310.0161
579.683,8096.39709
579.886,7710.11813
580.089,7356.57166
580.292,7025.50631
580.496,6980.25748
580.699,6622.29125
580.902,6836.26732
581.105,6688.13624
581.309,6657.27209
581.512,7089.26185
581.715,7233.20825
581.918,7424.4141
582.121,7706.00792
582.324,8158.0228
582.527,8369.57459
582.731,8566.70812
582.934,8800.75378
583.137,9038.85018
583.34,9176.34628
583.543,9432.82022
583.746,9408.20145
583.949,9053.2163
584.152,9186.60645
584.355,9356.9105
584.558,9274.83973
584.761,8946.49177
584.964,8728.90343
585.167,8634.46377
585.37,8677.57862
585.572,8470.19972
585.775,8611.87907
585.978,8338.76892
586.181,8774.0671
586.384,9543.59752
586.587,9689.23142
586.789,9494.36461
586.992,9877.9103
587.195,9709.74162
587.398,9572.31566
587.601,9363.06554
587.803,9141.46094
588.006,8636.5169
588.209,8151.8604
588.411,7654.62872
588.614,7338.06826
588.817,7111.88362
589.019,6612.00246
589.222,6443.24662
589.425,6521.45521
589.627,6511.16507
589.83,6231.21857
590.032,6041.78115
590.235,6303.27386
590.437,6492.64246
590.64,6523.51322
590.843,6181.80504
591.045,6712.82667
591.247,6395.90586
591.45,6552.3248
591.652,6546.15098
591.855,7115.9966
592.057,7416.19106
592.26,7558.02798
592.462,7932.04245
592.664,7804.64792
592.867,7847.79963
593.069,7888.89463
593.271,7543.63975
593.474,7699.84256
593.676,7165.35084
593.878,6900.03753
594.081,6465.88678
594.283,6099.44146
594.485,5949.10262
594.687,5631.83755
594.89,5281.42167
595.092,5318.53437
595.294,5089.6338
595.496,4951.42233
595.698,4701.7233
595.9,4866.82728
596.103,4823.49273
596.305,4914.28474
596.507,4707.91569
596.709,4627.40852
596.911,4526.23934
597.113,4854.44636
597.315,4668.69592
597.517,4955.54857
597.719,4877.14449
597.921,4817.30178
598.123,5182.44262
598.325,5324.71959
598.527,5431.91961
598.729,5460.77782
598.931,5328.84303
599.133,5559.70977
599.335,5806.97058
599.536,5681.29177
599.738,5499.94032
599.94,5411.30574
600.142,5491.69579
600.344,5343.27485
600.546,4734.74847
600.747,5017.43824
600.949,4575.79429
601.151,4658.3744
601.353,4740.94044
601.554,4315.57129
601.756,4069.66408
601.958,4282.51633
602.16,3860.8378
602.361,4187.4693
602.563,4055.19446
602.764,3980.77118
602.966,3960.09561
603.168,3653.96805
603.369,3860.8378
603.571,3982.83868
603.772,4131.67096
603.974,4003.51308
604.176,3825.67792
604.377,4079.9992
604.579,4173.00377
604.78,4142.00455
604.981,4053.12733
605.183,4288.71432
605.384,4323.83464
605.586,4449.83181
605.787,4637.7307
605.989,4889.52487
606.19,4637.7307
606.391,4712.0439
606.593,4988.55729
606.794,5128.82166
606.995,5077.25811
607.197,5839.93147
607.398,5708.07786
607.599,7802.59303
607.801,6200.33552
608.002,6655.21444
608.203,7194.13949
608.404,7555.97253
608.605,8246.34612
608.807,8626.25121
609.008,9523.08409
609.209,10685.57004
609.41,11723.97187
609.611,14053.12246
609.812,16497.63851
610.013,20457.47512
610.215,25344.45174
610.416,30385.46637
610.617,34344.97022
610.818,39280.11905
611.019,40661.47427
611.22,42161.83382
611.421,41279.43488
611.622,40367.3824
611.823,38581.49425
612.024,35891.2937
612.225,32961.20789
612.426,30828.03539
612.626,28117.55037
612.827,25409.62253
613.028,23054.84391
613.229,21661.57236
613.43,20174.72028
613.631,19729.18234
613.832,18269.93829
614.032,17891.20788
614.233,16774.83378
614.434,16297.85805
614.635,15482.09286
614.835,14749.46209
615.036,13789.58255
615.237,13470.79749
615.438,12307.24642
615.638,11644.13057
615.839,11261.21897
616.04,10232.61788
616.24,9662.56756
616.441,9441.02635
616.641,8798.70098
616.842,8221.69856
617.043,7765.60418
617.243,7607.3573
617.444,7210.58971
617.644,7074.86587
617.845,6782.77872
618.045,6529.68722
618.246,6544.09303
618.446,6591.42448
618.647,6260.04155
618.847,6208.57113
619.048,6253.8653
619.248,6295.03933
619.448,6284.74604
619.649,6607.88691
619.849,6253.8653
620.049,6620.2335
620.25,6476.17754
620.45,6756.03308
620.65,6587.30882
620.851,6710.76917
621.051,6764.2626
621.251,6795.12256
621.451,6776.60673
621.652,6766.31997
621.852,6799.23713
622.052,6772.49204
622.252,6577.01957
622.452,6844.49601
622.653,6550.26686
622.853,6955.57526
623.053,6856.8389
623.253,6793.06527
623.453,6727.22907
623.653,6947.34768
623.853,6863.01028
624.053,7227.03962
624.253,7050.18646
624.453,7006.99573
624.653,6893.86644
624.853,7101.60108
625.053,7013.16597
625.253,7025.50631
625.453,6982.3143
625.653,7064.58287
625.853,6897.98051
626.053,6980.25748
626.253,6953.51837
626.453,6815.6952
626.653,6597.59793
626.852,6595.54012
627.052,6696.36647
627.252,6152.97889
627.452,6198.2766
627.652,6167.39211
627.851,5967.63934
628.051,5984.116
628.251,5986.17555
628.451,5706.01743
628.65,5802.85036
628.85,5813.15088
629.05,5675.11021
629.249,5689.53377
629.449,5881.13024
629.649,5975.87772
629.848,6183.86401
630.048,6550.26686
630.247,7039.90315
630.447,7352.45983
630.646,7444.97139
630.846,7286.66788
631.045,7243.48921
631.245,6850.66748
631.444,6542.03507
631.644,6165.3331
631.843,5922.32645
632.043,5537.03929
632.242,4982.36831
632.442,4856.50987
632.641,3982.83868
632.84,4015.91721
633.04,3507.01964
633.239,3380.71889
633.439,2982.86399
633.638,3105.17496
633.837,2864.65169
634.036,3877.38251
634.236,2754.69166
634.435,2619.77589
634.634,2580.3263
634.833,2545.02435
635.033,2758.84187
635.232,2378.83309
635.431,2360.12977
635.63,2459.86477
635.829,2389.22322
636.029,2385.06722
636.228,2366.36437
636.427,2191.73581
636.626,2380.91115
636.825,2106.45414
637.024,2177.17771
637.223,2081.48773
637.422,2112.69531
637.621,2085.64899
637.82,2143.89869
638.019,1962.85991
638.218,1931.63161
638.417,1946.20537
638.616,2050.27591
638.815,2071.08427
639.014,1925.38542
639.213,1933.71363
639.412,1831.67102
639.61,1952.45097
639.809,1898.31653
640.008,2027.38453
640.207,1787.92362
640.406,1942.04153
640.605,1779.58976
640.803,1864.99635
641.002,1714.99106
641.201,1906.64577
641.4,1858.74824
641.598,1977.43161
641.797,1685.81085
641.996,1854.58274
642.194,1904.56349
642.393,2008.65349
642.592,1902.48119
642.79,1783.75673
642.989,1879.57456
643.187,1808.75684
643.386,1827.50499
643.585,1792.09043
643.783,1929.54956
643.982,1898.31653
644.18,1725.41156
644.379,1706.65428
644.577,1746.25099
644.776,1683.72639
644.974,1889.98696
645.173,1762.92104
645.371,1642.03272
645.569,1939.95959
645.768,1739.99938
645.966,1979.51321
646.165,1810.84005
646.363,1756.66993
646.561,1831.67102
646.759,1752.50242
646.958,1591.98895
647.156,1819.17268
647.354,1781.67325
647.553,1931.63161
647.751,1623.26777
647.949,1896.23417
648.147,1619.09754
648.345,1729.57961
648.544,2004.49082
648.742,2029.46566
648.94,1912.8925
649.138,2133.49803
649.336,2096.0518
649.534,2364.28619
649.732,2445.32252
649.93,2567.86733
650.129,2806.5649
650.327,2630.15639
650.525,2802.41539
650.723,2715.26158
650.921,2565.79078
651.119,2599.01367
651.317,2682.05295
651.514,2347.66012
651.712,2551.25445
651.91,2306.09006
652.108,2322.71892
652.306,2156.37888
652.504,2276.98683
652.702,2035.70893
652.9,2164.69863
653.098,2106.45414
653.295,1873.32687
653.493,2041.95204
653.691,2033.62786
653.889,1848.33433
654.086,1802.50709
654.284,1927.4675
654.482,2016.97858
654.68,1696.23283
654.877,1685.81085
655.075,1710.82271
655.273,1833.754
655.47,1562.79095
655.668,1566.96236
655.865,1658.71121
656.063,1625.35285
656.261,1571.13368
656.458,1644.1176
656.656,1898.31653
656.853,1487.69049
657.051,1606.58634
657.248,1581.56159
657.446,1700.40147
657.643,1558.61946
657.841,1439.69439
658.038,1879.57456
658.236,1533.58864
658.433,1815.00641
658.63,1456.39005
658.828,1631.60796
659.025,1560.70522
659.222,1356.19403
659.42,1402.12381
659.617,1516.89966
659.814,1429.25886
660.012,1362.45784
660.209,1212.06728
660.406,1410.47347
660.603,1395.86132
660.801,1356.19403
660.998,1431.34601
661.195,1473.08425
661.392,1452.21627
661.589,1733.74758
661.787,1673.30377
661.984,1667.04994
662.181,1898.31653
662.378,2039.87102
662.575,1769.17196
662.772,1729.57961
662.969,1687.89529
663.166,1669.13457
663.363,1677.47288
663.56,1658.71121
663.757,1875.40945
663.954,1508.55463
664.151,1531.5026
664.348,1510.64092
664.545,1498.12284
664.742,1433.43314
664.939,1443.86844
665.136,1132.64374
665.333,1318.60669
665.529,1312.34139
665.726,1356.19403
665.923,1180.72015
666.12,1260.12222
666.317,1184.90008
666.513,1159.81897
666.71,1293.54421
666.907,1134.73429
667.104,1295.63288
667.3,1416.73547
667.497,1521.07204
667.694,1222.5151
667.89,1301.89875
668.087,1264.3003
668.284,1385.42337
668.48,1170.26987
668.677,1049.00094
668.873,1203.70858
669.07,1090.82741
669.267,1197.4393
669.463,1042.72609
669.66,1028.08387
669.856,1155.63844
670.053,1040.63442
670.249,1220.42558
670.446,1032.26749
670.642,1199.52909
670.839,1249.67658
671.035,967.40969
671.231,990.42662
671.428,1088.73633
671.624,1072.00676
671.82,1155.63844
672.017,950.66812
672.213,1051.09251
672.409,1245.49816
672.606,1136.82482
672.802,1299.81015
672.998,982.05719
673.194,1205.79829
673.391,929.73877
673.587,1124.28128
673.783,982.05719
673.979,1084.55409
674.175,1023.90014
674.372,1128.46256
674.568,1082.46293
674.764,967.40969
674.96,1021.80824
675.156,1118.00917
675.352,946.48246
675.548,1028.08387
675.744,948.5753
675.94,755.92104
676.136,961.1318
676.332,963.22446
676.528,869.02857
676.724,1036.451
676.92,986.24196
677.116,1002.97997
677.312,931.83182
677.508,1021.80824
677.704,975.77985
677.9,1092.91846
678.096,915.08664
678.291,904.62004
678.487,1115.91841
678.683,921.36629
678.879,1132.64374
679.075,1103.37336
679.27,1092.91846
679.466,988.3343
679.662,1153.54814
679.857,1138.91532
680.053,902.52664
680.249,1120.09989
680.445,1216.24648
680.64,1222.5151
680.836,1009.25629
681.031,1151.45781
681.227,1120.09989
681.423,1009.25629
681.618,1019.71631
681.814,1218.33605
682.009,1044.81773
682.205,912.99338
682.4,946.48246
682.596,1069.91545
682.791,864.84083
682.987,875.30998
683.182,793.63248
683.378,1247.58739
683.573,875.30998
683.768,879.49746
683.964,917.17988
684.159,1015.53238
684.355,814.5794
684.55,816.67394
684.745,946.48246
684.941,1147.27708
685.136,1134.73429
685.331,1025.99202
685.526,988.3343
685.722,1097.1005
685.917,1078.28054
686.112,954.85367
686.307,1095.00949
686.502,1042.72609
686.698,1184.90008
686.893,1335.31312
687.088,1454.30317
687.283,1341.57764
687.478,1431.34601
687.673,1562.79095
687.868,1439.69439
688.063,1224.60459
688.258,1466.82409
688.453,1333.2249
688.648,1393.77377
688.843,1209.97764
689.038,1166.08959
689.233,1163.99941
689.428,841.80629
689.623,1013.44038
689.818,1072.00676
690.013,820.86294
690.208,998.79562
690.403,630.15023
690.598,864.84083
690.792,745.44404
690.987,741.25304
691.182,869.02857
691.377,781.063
691.572,720.29637
691.766,546.24522
691.961,764.30214
692.156,443.39661
692.35,607.08103
692.545,695.14462
692.74,737.06193
692.935,787.34787
693.129,827.14623
693.324,881.59115
693.518,1042.72609
693.713,1276.83398
693.908,885.77847
694.102,822.9574
694.297,1002.97997
694.491,1055.27556
694.686,835.52357
694.88,1007.16421
695.075,707.721
695.269,665.79574
695.464,1149.36746
695.658,841.80629
695.852,1078.28054
696.047,1274.7451
696.241,1069.91545
696.436,1113.82763
696.63,1055.27556
696.824,1049.00094
697.019,1101.28244
697.213,984.14959
697.407,871.1224
697.602,1011.34835
697.796,632.24726
697.99,883.68482
698.184,697.24076
698.379,835.52357
698.573,628.05318
698.767,623.85898
698.961,703.52899
699.155,500.07725
699.349,535.75377
699.544,470.69006
699.738,577.71511
699.932,709.81697
700.126,695.14462
700.32,680.47088
700.514,294.23995
700.708,462.29262
700.902,462.29262
701.096,567.22589
701.29,609.17837
701.484,632.24726
701.678,669.98878
701.872,479.087
702.066,590.30121
702.26,621.76184
702.453,615.47024
702.647,1151.45781
702.841,831.33496
703.035,630.15023
703.229,818.76846
703.423,621.76184
703.616,607.08103
703.81,781.063
704.004,699.33686
704.198,724.48793
704.391,814.5794
704.585,1021.80824
704.779,971.59482
704.972,948.5753
705.166,917.17988
705.36,1149.36746
705.553,1324.87178
705.747,1491.86349
705.941,1854.58274
706.134,2225.0081
706.328,2237.48402
706.521,2333.11139
706.715,2518.02555
706.908,2736.01495
707.102,2603.16625
707.295,2572.02039
707.489,2609.39498
707.682,2501.40951
707.876,2358.05154
708.069,2480.63798
708.262,2590.70834
708.456,2675.82589
708.649,2532.56371
708.843,2486.86961
709.036,2422.46875
709.229,2395.45709
709.423,2331.03293
709.616,2037.78999
709.809,2023.22221
710.002,1810.84005
710.196,1706.65428
710.389,1762.92104
710.582,1527.33044
710.775,1523.15819
710.968,1556.53368
711.162,1633.69295
711.355,1539.84665
711.548,1744.16714
711.741,2025.30338
711.934,1898.31653
712.127,2012.81607
712.32,1992.00236
712.513,1937.87762
712.706,1877.49201
712.899,1835.83697
713.092,1737.91547
713.285,1541.9326
713.478,1422.99727
713.671,1356.19403
713.864,1141.0058
714.057,1115.91841
714.25,1011.34835
714.443,1193.25966
714.636,875.30998
714.829,1013.44038
715.022,774.77789
715.214,714.00881
715.407,818.76846
715.6,1141.0058
715.793,451.79514
715.986,785.25294
716.178,516.86728
716.371,462.29262
716.564,334.17063
716.756,411.89774
716.949,306.85088
717.142,285.83203
717.334,384.59309
717.527,256.40024
717.72,636.44122
717.912,218.55004
718.105,210.13745
718.297,378.29127
718.49,271.11692
718.683,319.46067
718.875,470.69006
719.068,411.89774
719.26,638.53816
719.453,132.29596
719.645,271.11692
719.837,340.47443
720.03,420.29811
720.222,380.39191
720.415,384.59309
720.607,348.87905
720.799,462.29262
720.992,323.66367
721.184,300.54556
721.376,283.72997
721.569,518.9659
721.761,231.16794
721.953,260.60516
722.146,184.89653
722.338,432.89775
722.53,600.78882
722.722,275.3214
722.914,371.98917
723.107,216.44694
723.299,306.85088
723.491,292.13802
723.683,401.39657
723.875,216.44694
724.067,319.46067
724.259,325.76513
724.451,218.55004
724.643,128.08702
724.835,168.06661
725.027,237.47645
725.219,306.85088
725.411,256.40024
725.603,243.78467
725.795,170.17046
725.987,311.05427
726.179,506.37374
726.371,224.85914
726.563,304.74914
726.755,495.87944
726.947,384.59309
727.138,344.67681
727.33,361.48504
727.522,332.06931
727.714,445.49629
727.905,468.59074
728.097,487.48347
728.289,388.79414
728.481,285.83203
728.672,428.698
728.864,424.49812
729.056,407.69736
729.247,371.98917
729.439,264.80996
729.631,273.21917
729.822,416.09799
730.014,283.72997
730.205,241.68197
730.397,155.44277
730.589,294.23995
730.78,138.60913
730.972,397.19589
731.163,290.03605
731.354,285.83203
731.546,487.48347
731.737,437.09739
731.929,392.99508
732.12,308.95259
732.312,187.00012
732.503,205.93096
732.694,216.44694
732.886,235.37365
733.077,237.47645
733.268,189.10368
733.46,405.59713
733.651,96.51563
733.842,205.93096
734.033,329.96794
734.225,100.72559
734.416,247.98999
734.607,243.78467
734.798,302.64737
734.989,294.23995
735.181,332.06931
735.372,363.58593
735.563,441.2969
735.754,292.13802
735.945,321.56219
736.136,302.64737
736.327,298.44372
736.518,334.17063
736.709,252.19518
736.9,342.57563
737.091,434.99759
737.282,481.18616
737.473,747.5395
737.664,1036.451
737.855,1149.36746
738.046,933.92485
738.237,1214.15689
738.428,1341.57764
738.618,1097.1005
738.809,1226.69406
739,1151.45781
739.191,908.80676
739.382,739.1575
739.573,718.20054
739.763,573.51951
739.954,586.10596
740.145,699.33686
740.335,495.87944
740.526,239.57923
740.717,462.29262
740.907,386.69363
741.098,607.08103
741.289,283.72997
741.479,653.21592
741.67,264.80996
741.861,182.7929
742.051,245.88735
742.242,449.69556
742.432,214.34381
742.623,365.68679
742.813,266.91231
743.004,573.51951
743.194,229.06504
743.385,418.19807
743.575,434.99759
743.765,222.75614
743.956,109.1451
744.146,430.79789
744.337,317.35912
744.527,388.79414
744.717,269.01463
744.908,382.49251
745.098,367.78761
745.288,386.69363
745.478,147.02622
745.669,170.17046
745.859,451.79514
746.049,491.68152
746.239,422.39813
746.43,125.98249
746.62,178.58555
746.81,214.34381
747,233.27081
747.19,380.39191
747.38,453.8947
747.57,353.08117
747.76,384.59309
747.95,395.0955
748.14,269.01463
748.33,449.69556
748.521,300.54556
748.71,338.3732
748.9,428.698
749.09,420.29811
749.28,380.39191
749.47,845.99463
749.66,1147.27708
749.85,1155.63844
750.04,1232.96231
750.23,1107.55515
750.42,1362.45784
750.609,1427.17169
750.799,1773.33914
750.989,1792.09043
751.179,1631.60796
751.369,1581.56159
751.558,1677.47288
751.748,1356.19403
751.938,1326.9601
752.128,1341.57764
752.317,1025.99202
752.507,919.2731
752.696,682.56721
752.886,711.9129
753.076,818.76846
753.265,640.63507
753.455,359.38412
753.644,487.48347
753.834,266.91231
754.024,243.78467
754.213,416.09799
754.403,367.78761
754.592,422.39813
754.782,216.44694
754.971,336.27193
755.16,422.39813
755.35,302.64737
755.539,161.75484
755.729,264.80996
755.918,611.27569
756.107,577.71511
756.297,468.59074
756.486,170.17046
756.675,243.78467
756.865,220.6531
757.054,336.27193
757.243,447.59594
757.432,353.08117
757.621,367.78761
757.811,233.27081
758,502.17611
758.189,479.087
758.378,271.11692
758.567,218.55004
758.756,378.29127
758.946,22.81931
759.135,424.49812
759.324,285.83203
759.513,247.98999
759.702,298.44372
759.891,187.00012
760.08,266.91231
760.269,187.00012
760.458,319.46067
760.647,311.05427
760.836,395.0955
761.025,439.19716
761.213,369.8884
761.402,371.98917
761.591,447.59594
761.78,388.79414
761.969,403.49686
762.158,313.15592
762.347,384.59309
762.535,1122.1906
762.724,1518.98586
762.913,2002.40946
763.102,2200.05432
763.29,1983.67634
763.479,2104.37371
763.668,2093.97127
763.856,1706.65428
764.045,2060.68033
764.234,1656.62648
764.422,1706.65428
764.611,1594.07436
764.799,1226.69406
764.988,898.33976
765.177,938.11083
765.365,804.10629
765.554,699.33686
765.742,544.14699
765.931,611.27569
766.119,426.59807
766.308,518.9659
766.496,342.57563
766.684,176.48183
766.873,344.67681
767.061,319.46067
767.25,313.15592
767.438,226.9621
767.626,201.72433
767.815,338.3732
768.003,182.7929
768.191,491.68152
768.38,193.31069
768.568,327.86655
768.756,134.40039
768.944,245.88735
769.132,224.85914
769.321,321.56219
769.509,342.57563
769.697,220.6531
769.885,319.46067
770.073,224.85914
770.261,323.66367
770.449,241.68197
770.638,292.13802
770.826,235.37365
771.014,212.24064
771.202,275.3214
771.39,462.29262
771.578,649.02242
771.766,1157.72872
771.954,1316.51828
772.142,1103.37336
772.329,1264.3003
772.517,1130.55316
772.705,1120.09989
772.893,965.31709
773.081,961.1318
773.269,936.01785
773.457,948.5753
773.644,747.5395
773.832,672.08525
774.02,575.61732
774.208,598.69135
774.396,439.19716
774.583,630.15023
774.771,363.58593
774.959,353.08117
775.146,357.28317
775.334,363.58593
775.522,371.98917
775.709,275.3214
775.897,334.17063
776.084,271.11692
776.272,235.37365
776.46,262.70758
776.647,252.19518
776.835,64.93663
777.022,315.25753
777.21,176.48183
777.397,182.7929
777.585,470.69006
777.772,355.18219
777.959,439.19716
778.147,195.41415
778.334,371.98917
778.522,195.41415
778.709,205.93096
778.896,285.83203
779.084,208.03422
779.271,308.95259
779.458,252.19518
779.645,353.08117
779.833,218.55004
780.02,205.93096
780.207,319.46067
780.394,140.71345
780.582,262.70758
780.769,260.60516
780.956,258.50272
781.143,125.98249
781.33,147.02622
781.517,458.09372
781.704,403.49686
781.891,275.3214
782.079,279.52575
782.266,178.58555
782.453,165.96272
782.64,247.98999
782.827,319.46067
783.014,172.27428
783.2,218.55004
783.387,157.54683
783.574,273.21917
783.761,157.54683
783.948,327.86655
784.135,308.95259
784.322,512.66995
784.509,367.78761
784.696,113.35465
784.882,170.17046
785.069,88.09531
785.256,340.47443
785.443,292.13802
785.629,165.96272
785.816,212.24064
786.003,222.75614
786.189,155.44277
786.376,367.78761
786.563,281.62787
786.749,241.68197
786.936,210.13745
787.123,290.03605
787.309,390.89463
787.496,235.37365
787.682,315.25753
787.869,229.06504
788.055,250.0926
788.242,142.81774
788.428,107.04027
788.615,140.71345
788.801,48.09135
788.988,315.25753
789.174,73.35844
789.361,367.78761
789.547,69.1476
789.733,119.66872
789.92,245.88735
790.106,245.88735
790.292,147.02622
790.479,481.18616
790.665,233.27081
790.851,140.71345
791.037,195.41415
791.224,117.56406
791.41,187.00012
791.596,134.40039
791.782,149.13041
791.968,439.19716
792.155,359.38412
792.341,191.2072
792.527,229.06504
792.713,327.86655
792.899,241.68197
793.085,184.89653
793.271,226.9621
793.457,102.83052
793.643,266.91231
793.829,602.88625
794.015,722.39216
794.201,929.73877
794.387,929.73877
794.573,758.01636
794.759,1099.19148
794.945,808.29562
795.131,912.99338
795.316,802.01158
795.502,837.61784
795.688,770.58767
795.874,651.11918
796.06,565.12795
796.246,521.06449
796.431,426.59807
796.617,327.86655
796.803,468.59074
796.988,476.98781
797.174,445.49629
797.36,338.3732
797.545,336.27193
797.731,327.86655
797.917,241.68197
798.102,56.51426
798.288,552.53973
798.474,338.3732
798.659,508.47251
798.845,226.9621
799.03,487.48347
799.216,229.06504
799.401,256.40024
799.587,298.44372
799.772,615.47024
799.957,699.33686
800.143,688.85605
800.328,649.02242
800.514,841.80629
800.699,1214.15689
800.884,1291.45552
801.07,1439.69439
801.255,1122.1906
801.44,1274.7451
801.626,1372.89707
801.811,1566.96236
801.996,1203.70858
802.181,931.83182
802.367,994.61117
802.552,774.77789
802.737,688.85605
802.922,845.99463
803.107,772.6828
803.292,728.67937
803.478,625.95609
803.663,428.698
803.848,680.47088
804.033,481.18616
804.218,420.29811
804.403,315.25753
804.588,451.79514
804.773,323.66367
804.958,235.37365
805.143,241.68197
805.328,161.75484
805.513,168.06661
805.698,193.31069
805.882,306.85088
806.067,380.39191
806.252,315.25753
806.437,344.67681
806.622,422.39813
806.807,395.0955
806.991,264.80996
807.176,176.48183
807.361,90.20044
807.546,260.60516
807.73,262.70758
807.915,205.93096
808.1,163.85879
808.285,319.46067
808.469,355.18219
808.654,275.3214
808.838,260.60516
809.023,290.03605
809.208,395.0955
809.392,623.85898
809.577,749.63493
809.761,1118.00917
809.946,1103.37336
810.13,1255.94404
810.315,1235.05168
810.499,1617.01239
810.684,2314.40463
810.868,2777.51706
811.053,3368.29333
811.237,3463.54429
811.421,2808.63963
811.606,3103.1023
811.79,2899.91297
811.974,2509.71766
812.159,2370.52068
812.343,2243.72174
812.527,1985.75787
812.712,1735.83154
812.896,1303.98733
813.08,1224.60459
813.264,977.87232
813.448,988.3343
813.633,707.721
813.817,887.87208
814.001,787.34787
814.185,512.66995
814.369,437.09739
814.553,521.06449
814.737,283.72997
814.921,142.81774
815.105,464.39203
815.289,250.0926
815.473,313.15592
815.657,306.85088
815.841,315.25753
816.025,245.88735
816.209,518.9659
816.393,88.09531
816.577,279.52575
816.761,96.51563
816.945,119.66872
817.129,182.7929
817.313,128.08702
817.496,205.93096
817.68,73.35844
817.864,287.93406
818.048,302.64737
818.231,147.02622
818.415,313.15592
818.599,147.02622
818.783,199.62097
818.966,220.6531
819.15,174.37807
819.334,39.66789
819.517,258.50272
819.701,121.77335
819.884,117.56406
820.068,203.82766
820.252,254.29772
820.435,243.78467
820.619,210.13745
820.802,191.2072
820.986,210.13745
821.169,191.2072
821.353,374.0899
821.536,159.65085
821.719,85.99015
821.903,329.96794
822.086,98.62063
822.27,54.40859
822.453,203.82766
822.636,319.46067
822.82,180.68924
823.003,283.72997
823.186,220.6531
823.369,-8.77774
823.553,-61.45699
823.736,229.06504
823.919,287.93406
824.102,224.85914
824.285,153.33868
824.469,191.2072
824.652,88.09531
824.835,41.77381
825.018,237.47645
825.201,115.45937
825.384,155.44277
825.567,325.76513
825.75,474.88859
825.933,571.42166
826.116,609.17837
826.299,329.96794
826.482,607.08103
826.665,619.66467
826.848,554.63784
827.031,644.8288
827.214,535.75377
827.397,600.78882
827.58,468.59074
827.763,300.54556
827.945,231.16794
828.128,241.68197
828.311,334.17063
828.494,292.13802
828.677,441.2969
828.859,239.57923
829.042,287.93406
829.225,64.93663
829.408,224.85914
829.59,180.68924
829.773,182.7929
829.956,205.93096
830.138,224.85914
830.321,184.89653
830.503,134.40039
830.686,184.89653
830.869,22.81931
831.051,140.71345
831.234,363.58593
831.416,235.37365
831.599,203.82766
831.781,132.29596
831.963,243.78467
832.146,117.56406
832.328,113.35465
832.511,319.46067
832.693,22.81931
832.876,58.6199
833.058,220.6531
833.24,237.47645
833.423,8.07499
833.605,-10.88449
833.787,176.48183
833.969,245.88735
834.152,203.82766
834.334,35.45595
834.516,168.06661
834.698,418.19807
834.88,159.65085
835.063,132.29596
835.245,113.35465
835.427,75.46381
835.609,189.10368
835.791,67.04213
835.973,247.98999
836.155,-17.20495
836.337,155.44277
836.519,117.56406
836.701,311.05427
836.883,231.16794
837.065,147.02622
837.247,201.72433
837.429,367.78761
837.611,208.03422
837.793,285.83203
837.975,54.40859
838.157,184.89653
838.338,134.40039
838.52,220.6531
838.702,77.56915
838.884,205.93096
839.066,304.74914
839.247,365.68679
839.429,85.99015
839.611,191.2072
839.793,216.44694
839.974,510.57125
840.156,758.01636
840.338,1017.62436
840.519,1170.26987
840.701,904.62004
840.883,984.14959
841.064,875.30998
841.246,885.77847
841.427,979.96477
841.609,1072.00676
841.79,1587.81807
841.972,1669.13457
842.153,1293.54421
842.335,1289.3668
842.516,1370.80927
842.698,1416.73547
842.879,1264.3003
843.06,1182.81013
843.242,969.50227
843.423,760.11165
843.605,889.96567
843.786,848.08876
843.967,682.56721
844.148,724.48793
844.33,451.79514
844.511,458.09372
844.692,376.1906
844.873,376.1906
845.055,397.19589
845.236,283.72997
845.417,449.69556
845.598,216.44694
845.779,153.33868
845.96,67.04213
846.141,98.62063
846.323,157.54683
846.504,-74.1033
846.685,208.03422
846.866,300.54556
847.047,153.33868
847.228,233.27081
847.409,165.96272
847.59,178.58555
847.771,233.27081
847.951,252.19518
848.132,149.13041
848.313,180.68924
848.494,35.45595
848.675,90.20044
848.856,56.51426
849.037,313.15592
849.217,365.68679
849.398,90.20044
849.579,189.10368
849.76,98.62063
849.94,208.03422
850.121,369.8884
850.302,-2.45771
850.483,195.41415
850.663,18.60682
850.844,81.77971
851.025,212.24064
851.205,374.0899
851.386,231.16794
851.566,695.14462
851.747,348.87905
851.927,669.98878
852.108,443.39661
852.288,390.89463
852.469,510.57125
852.649,487.48347
852.83,346.77795
853.01,250.0926
853.191,430.79789
853.371,300.54556
853.551,266.91231
853.732,338.3732
853.912,294.23995
854.092,374.0899
854.273,252.19518
854.453,229.06504
854.633,266.91231
854.814,296.34185
854.994,197.51758
855.174,159.65085
855.354,187.00012
855.534,235.37365
855.715,392.99508
855.895,214.34381
856.075,262.70758
856.255,119.66872
856.435,115.45937
856.615,81.77971
856.795,315.25753
856.975,157.54683
857.155,75.46381
857.335,132.29596
857.515,163.85879
857.695,121.77335
857.875,159.65085
858.055,117.56406
858.235,-10.88449
858.415,-25.63272
858.595,43.87969
858.775,138.60913
858.955,235.37365
859.134,165.96272
859.314,197.51758
859.494,31.24388
859.674,24.9255
859.854,208.03422
860.033,132.29596
860.213,125.98249
860.393,136.50477
860.573,128.08702
860.752,132.29596
860.932,138.60913
861.112,24.9255
861.291,138.60913
861.471,50.19713
861.65,115.45937
861.83,69.1476
862.009,-34.06104
862.189,104.93541
862.369,208.03422
862.548,130.19151
862.727,113.35465
862.907,24.9255
863.086,149.13041
863.266,350.98013
863.445,313.15592
863.625,554.63784
863.804,45.98554
863.983,174.37807
864.163,73.35844
864.342,98.62063
864.521,107.04027
864.701,313.15592
864.88,233.27081
865.059,449.69556
865.238,92.30554
865.418,-65.67229
865.597,16.50053
865.776,275.3214
865.955,85.99015
866.134,98.62063
866.313,153.33868
866.493,254.29772
866.672,77.56915
866.851,329.96794
867.03,157.54683
867.209,311.05427
867.388,180.68924
867.567,43.87969
867.746,151.23456
867.925,178.58555
868.104,216.44694
868.283,50.19713
868.462,277.42359
868.64,159.65085
868.819,275.3214
868.998,62.83109
869.177,359.38412
869.356,8.07499
869.535,14.39419
869.713,90.20044
869.892,300.54556
870.071,302.64737
870.25,355.18219
870.428,140.71345
870.607,144.922
870.786,111.24989
870.965,157.54683
871.143,-59.3494
871.322,100.72559
871.5,54.40859
871.679,111.24989
871.858,130.19151
872.036,37.56194
872.215,201.72433
872.393,222.75614
872.572,159.65085
872.75,241.68197
872.929,165.96272
873.107,161.75484
873.286,64.93663
873.464,182.7929
873.642,77.56915
873.821,39.66789
873.999,184.89653
874.177,254.29772
874.356,193.31069
874.534,100.72559
874.712,170.17046
874.891,113.35465
875.069,64.93663
875.247,96.51563
875.425,39.66789
875.604,197.51758
875.782,92.30554
875.96,69.1476
876.138,134.40039
876.316,96.51563
876.494,205.93096
876.672,-6.67103
876.851,83.88495
877.029,416.09799
877.207,60.72551
877.385,130.19151
877.563,125.98249
877.741,300.54556
877.919,31.24388
878.097,48.09135
878.275,39.66789
878.452,125.98249
878.63,83.88495
878.808,165.96272
878.986,27.03166
879.164,149.13041
879.342,24.9255
879.52,-46.70459
879.697,31.24388
879.875,134.40039
880.053,182.7929
880.231,125.98249
880.408,1.75548
880.586,132.29596
880.764,83.88495
880.941,216.44694
881.119,92.30554
881.297,123.87794
881.474,201.72433
881.652,474.88859
881.83,102.83052
882.007,-44.59724
882.185,90.20044
882.362,132.29596
882.54,-2.45771
882.717,258.50272
882.895,1.75548
883.072,128.08702
883.25,33.34993
883.427,231.16794
883.604,174.37807
883.782,111.24989
883.959,193.31069
884.136,128.08702
884.314,-8.77774
884.491,161.75484
884.668,60.72551
884.846,5.96852
885.023,149.13041
885.2,-2.45771
885.377,107.04027
885.555,24.9255
885.732,33.34993
885.909,-31.95391
886.086,115.45937
886.263,111.24989
886.44,142.81774
886.617,31.24388
886.795,117.56406
886.972,111.24989
887.149,67.04213
887.326,35.45595
887.503,119.66872
887.68,58.6199
887.857,174.37807
888.034,287.93406
888.21,134.40039
888.387,117.56406
888.564,134.40039
888.741,12.28783
888.918,96.51563
889.095,12.28783
889.272,22.81931
889.449,182.7929
889.625,233.27081
889.802,8.07499
889.979,140.71345
890.156,10.18143
890.332,216.44694
890.509,107.04027
890.686,315.25753
890.862,193.31069
891.039,134.40039
891.216,16.50053
891.392,189.10368
891.569,41.77381
891.745,187.00012
891.922,10.18143
892.099,77.56915
892.275,226.9621
892.452,43.87969
892.628,104.93541
892.804,178.58555
892.981,69.1476
893.157,210.13745
893.334,18.60682
893.51,174.37807
893.687,130.19151
893.863,184.89653
894.039,189.10368
894.216,195.41415
894.392,256.40024
894.568,176.48183
894.744,39.66789
894.921,98.62063
895.097,187.00012
895.273,214.34381
895.449,83.88495
895.626,329.96794
895.802,35.45595
895.978,27.03166
896.154,168.06661
896.33,-59.3494
896.506,113.35465
896.682,182.7929
896.858,109.1451
897.034,73.35844
897.21,-71.99549
897.386,199.62097
897.562,149.13041
897.738,92.30554
897.914,226.9621
898.09,43.87969
898.266,-25.63272
898.442,107.04027
898.618,5.96852
898.794,31.24388
898.969,92.30554
899.145,18.60682
899.321,165.96272
899.497,130.19151
899.673,35.45595
899.848,130.19151
900.024,113.35465
900.2,159.65085
900.376,113.35465
900.551,73.35844
900.727,3.86202
900.902,104.93541
901.078,73.35844
901.254,62.83109
901.429,283.72997
901.605,73.35844
901.78,81.77971
901.956,-158.44492
902.131,33.34993
902.307,203.82766
902.482,33.34993
902.658,-36.16821
902.833,16.50053
903.009,214.34381
903.184,149.13041
903.359,336.27193
903.535,31.24388
903.71,132.29596
903.886,163.85879
904.061,182.7929
904.236,-17.20495
904.411,52.30287
904.587,199.62097
904.762,-23.52572
904.937,-147.89906
905.112,132.29596
905.288,-59.3494
905.463,222.75614
905.638,165.96272
905.813,-27.73974
905.988,109.1451
906.163,54.40859
906.338,92.30554
906.513,277.42359
906.688,119.66872
906.863,81.77971
907.038,144.922
907.213,174.37807
907.388,18.60682
907.563,60.72551
907.738,56.51426
907.913,67.04213
908.088,132.29596
908.263,243.78467
908.438,75.46381
908.613,35.45595
908.787,216.44694
908.962,52.30287
909.137,125.98249
909.312,212.24064
909.486,-19.31184
909.661,83.88495
909.836,20.71308
910.011,1.75548
910.185,-38.27542
910.36,-63.56462
910.535,199.62097
910.709,187.00012
910.884,102.83052
911.058,226.9621
911.233,224.85914
911.407,527.36007
911.582,584.00829
911.757,789.44277
911.931,785.25294
912.105,862.74691
912.28,667.89227
912.454,479.087
912.629,447.59594
912.803,487.48347
912.978,359.38412
913.152,367.78761
913.326,132.29596
913.501,216.44694
913.675,317.35912
913.849,144.922
914.023,353.08117
914.198,218.55004
914.372,258.50272
914.546,353.08117
914.72,237.47645
914.895,266.91231
915.069,208.03422
915.243,231.16794
915.417,311.05427
915.591,258.50272
915.765,199.62097
915.939,117.56406
916.113,165.96272
916.287,170.17046
916.461,153.33868
916.635,102.83052
916.809,-36.16821
916.983,174.37807
917.157,161.75484
917.331,73.35844
917.505,117.56406
917.679,168.06661
917.853,586.10596
918.027,-23.52572
918.201,85.99015
918.374,14.39419
918.548,134.40039
918.722,151.23456
918.896,147.02622
919.069,109.1451
919.243,350.98013
919.417,243.78467
919.591,-0.3511
919.764,107.04027
919.938,-10.88449
920.112,56.51426
920.285,85.99015
920.459,140.71345
920.632,161.75484
920.806,75.46381
920.979,218.55004
921.153,199.62097
921.326,121.77335
921.5,174.37807
921.673,241.68197
921.847,104.93541
922.02,264.80996
922.194,241.68197
922.367,222.75614
922.54,226.9621
922.714,153.33868
922.887,359.38412
923.06,117.56406
923.234,189.10368
923.407,144.922
923.58,151.23456
923.754,434.99759
923.927,81.77971
924.1,140.71345
924.273,201.72433
924.446,109.1451
924.62,163.85879
924.793,241.68197
924.966,92.30554
925.139,340.47443
925.312,231.16794
925.485,250.0926
925.658,52.30287
925.831,266.91231
926.004,-78.31902
926.177,71.25304
926.35,275.3214
926.523,168.06661
926.696,-21.41876
926.869,90.20044
927.042,90.20044
927.215,163.85879
927.387,161.75484
927.56,311.05427
927.733,147.02622
927.906,-55.13432
928.079,216.44694
928.252,140.71345
928.424,-10.88449
928.597,113.35465
928.77,111.24989
928.942,-67.77999
929.115,39.66789
929.288,397.19589
929.46,165.96272
929.633,178.58555
929.806,266.91231
929.978,92.30554
930.151,73.35844
930.323,33.34993
930.496,33.34993
930.668,157.54683
930.841,132.29596
931.013,77.56915
931.186,191.2072
931.358,115.45937
931.531,33.34993
931.703,128.08702
931.875,3.86202
932.048,292.13802
932.22,96.51563
932.392,132.29596
932.565,48.09135
932.737,269.01463
932.909,212.24064
933.082,94.4106
933.254,239.57923
933.426,136.50477
933.598,90.20044
933.77,83.88495
933.943,170.17046
934.115,147.02622
934.287,161.75484
934.459,-40.38266
934.631,64.93663
934.803,-23.52572
934.975,220.6531
935.147,144.922
935.319,-2.45771
935.491,85.99015
935.663,115.45937
935.835,-21.41876
936.007,224.85914
936.179,69.1476
936.351,96.51563
936.523,153.33868
936.695,178.58555
936.866,100.72559
937.038,-88.85893
937.21,85.99015
937.382,306.85088
937.554,-46.70459
937.725,176.48183
937.897,250.0926
938.069,128.08702
938.241,174.37807
938.412,147.02622
938.584,355.18219
938.755,180.68924
938.927,342.57563
939.099,39.66789
939.27,157.54683
939.442,134.40039
939.613,12.28783
939.785,83.88495
939.956,16.50053
940.128,165.96272
940.299,163.85879
940.471,77.56915
940.642,75.46381
940.814,41.77381
940.985,149.13041
941.157,153.33868
941.328,117.56406
941.499,107.04027
941.671,132.29596
941.842,33.34993
942.013,58.6199
942.184,165.96272
942.356,208.03422
942.527,67.04213
942.698,10.18143
942.869,64.93663
943.04,64.93663
943.212,64.93663
943.383,233.27081
943.554,212.24064
943.725,24.9255
943.896,56.51426
944.067,-21.41876
944.238,48.09135
944.409,92.30554
944.58,140.71345
944.751,119.66872
944.922,-0.3511
945.093,104.93541
945.264,327.86655
945.435,64.93663
945.606,161.75484
945.777,73.35844
945.948,132.29596
946.118,18.60682
946.289,325.76513
946.46,58.6199
946.631,62.83109
946.802,-36.16821
946.972,304.74914
947.143,277.42359
947.314,22.81931
947.485,182.7929
947.655,315.25753
947.826,281.62787
947.996,123.87794
948.167,45.98554
948.338,81.77971
948.508,159.65085
948.679,-31.95391
948.849,218.55004
949.02,279.52575
949.19,-65.67229
949.361,-82.53488
949.531,107.04027
949.702,90.20044
949.872,1.75548
950.043,168.06661
950.213,33.34993
950.383,113.35465
950.554,12.28783
950.724,149.13041
950.894,111.24989
951.065,134.40039
951.235,-0.3511
951.405,100.72559
951.576,3.86202
951.746,218.55004
951.916,60.72551
952.086,-103.61632
952.256,262.70758
952.426,178.58555
952.597,222.75614
952.767,50.19713
952.937,115.45937
953.107,75.46381
953.277,1.75548
953.447,-29.84681
953.617,149.13041
953.787,64.93663
953.957,134.40039
954.127,85.99015
954.297,165.96272
954.467,104.93541
954.637,136.50477
954.807,170.17046
954.976,22.81931
955.146,165.96272
955.316,60.72551
955.486,174.37807
955.656,-8.77774
955.826,189.10368
955.995,212.24064
956.165,31.24388
956.335,226.9621
956.504,-29.84681
956.674,83.88495
956.844,64.93663
957.013,90.20044
957.183,43.87969
957.353,41.77381
957.522,-59.3494
957.692,111.24989
957.861,159.65085
958.031,191.2072
958.2,98.62063
958.37,147.02622
958.539,220.6531
958.709,79.67445
958.878,239.57923
959.048,-40.38266
959.217,285.83203
959.386,140.71345
959.556,-44.59724
959.725,79.67445
959.894,69.1476
960.064,88.09531
960.233,71.25304
960.402,161.75484
960.572,52.30287
960.741,60.72551
960.91,168.06661
961.079,340.47443
961.248,275.3214
961.418,191.2072
961.587,149.13041
961.756,199.62097
961.925,-6.67103
962.094,252.19518
962.263,92.30554
962.432,77.56915
962.601,60.72551
962.77,134.40039
962.939,161.75484
963.108,182.7929
963.277,73.35844
963.446,290.03605
963.615,163.85879
963.784,157.54683
963.953,281.62787
964.121,85.99015
964.29,29.13779
964.459,-63.56462
964.628,50.19713
964.797,-65.67229
964.965,-10.88449
965.134,111.24989
965.303,298.44372
965.472,187.00012
965.64,350.98013
965.809,43.87969
965.978,338.3732
966.146,279.52575
966.315,-12.99128
966.483,258.50272
966.652,22.81931
966.821,290.03605
966.989,229.06504
967.158,165.96272
967.326,81.77971
967.495,60.72551
967.663,178.58555
967.831,218.55004
968,41.77381
968.168,37.56194
968.337,311.05427
968.505,109.1451
968.673,161.75484
968.842,258.50272
969.01,170.17046
969.178,243.78467
969.347,258.50272
969.515,58.6199
969.683,64.93663
969.851,264.80996
970.019,208.03422
970.188,159.65085
970.356,239.57923
970.524,142.81774
970.692,-97.29151
970.86,250.0926
971.028,222.75614
971.196,189.10368
971.364,212.24064
971.532,134.40039
971.7,153.33868
971.868,48.09135
972.036,168.06661
972.204,-10.88449
972.372,27.03166
972.54,283.72997
972.708,81.77971
972.876,41.77381
973.044,123.87794
973.212,73.35844
973.379,271.11692
973.547,62.83109
973.715,8.07499
973.883,203.82766
974.05,5.96852
974.218,281.62787
974.386,102.83052
974.553,298.44372
974.721,98.62063
974.889,159.65085
975.056,52.30287
975.224,245.88735
975.392,165.96272
975.559,41.77381
975.727,165.96272
975.894,151.23456
976.062,88.09531
976.229,-0.3511
976.397,205.93096
976.564,73.35844
976.732,73.35844
976.899,10.18143
977.066,237.47645
977.234,403.49686
977.401,113.35465
977.568,168.06661
977.736,-69.88772
977.903,16.50053
978.07,178.58555
978.238,71.25304
978.405,109.1451
978.572,264.80996
978.739,205.93096
978.907,208.03422
979.074,132.29596
979.241,193.31069
979.408,340.47443
979.575,-23.52572
979.742,174.37807
979.909,168.06661
980.076,-10.88449
980.243,-12.99128
980.41,149.13041
980.577,136.50477
980.744,308.95259
980.911,48.09135
981.078,52.30287
981.245,-15.0981
981.412,-76.21114
981.579,241.68197
981.746,8.07499
981.913,-65.67229
982.079,119.66872
982.246,157.54683
982.413,-84.64286
982.58,-69.88772
982.747,-31.95391
982.913,-88.85893
983.08,-25.63272
983.247,71.25304
983.413,-65.67229
983.58,-34.06104
983.747,35.45595
983.913,243.78467
984.08,203.82766
984.246,81.77971
984.413,56.51426
984.579,302.64737
984.746,56.51426
984.913,27.03166
985.079,8.07499
985.245,-2.45771
985.412,-40.38266
985.578,157.54683
985.745,134.40039
985.911,8.07499
986.077,115.45937
986.244,24.9255
986.41,-122.59269
986.576,37.56194
986.743,233.27081
986.909,98.62063
987.075,151.23456
987.241,189.10368
987.408,1.75548
987.574,98.62063
987.74,170.17046
987.906,79.67445
988.072,130.19151
988.238,132.29596
988.405,212.24064
988.571,226.9621
988.737,113.35465
988.903,157.54683
989.069,88.09531
989.235,144.922
989.401,79.67445
989.567,62.83109
989.733,20.71308
989.899,-53.02683
990.065,165.96272
990.23,85.99015
990.396,43.87969
990.562,189.10368
990.728,182.7929
990.894,191.2072
991.06,134.40039
991.225,83.88495
991.391,5.96852
991.557,-36.16821
991.723,125.98249
991.888,187.00012
992.054,165.96272
992.22,-6.67103
992.385,1.75548
992.551,266.91231
992.716,102.83052
992.882,39.66789
993.048,100.72559
993.213,147.02622
993.379,79.67445
993.544,50.19713
993.71,-12.99128
993.875,130.19151
994.04,-23.52572
994.206,69.1476
994.371,157.54683
994.537,359.38412
994.702,128.08702
994.867,208.03422
995.033,-82.53488
995.198,144.922
995.363,85.99015
995.529,31.24388
995.694,62.83109
995.859,123.87794
996.024,33.34993
996.19,-160.5542
996.355,-95.18331
996.52,-50.91938
996.685,-44.59724
996.85,-0.3511
997.015,-101.50802
997.18,191.2072
997.345,24.9255
997.51,-44.59724
997.675,41.77381
997.84,-95.18331
998.005,81.77971
998.17,52.30287
998.335,142.81774
998.5,199.62097
998.665,165.96272
998.83,109.1451
998.995,-168.9917
999.16,321.56219
999.325,418.19807
999.489,22.81931
999.654,92.30554
999.819,43.87969
999.984,90.20044
1000.148,273.21917
1000.313,-38.27542
1000.478,-103.61632
1000.642,-95.18331
1000.807,-59.3494
1000.972,81.77971
1001.136,98.62063
1001.301,-105.72466
1001.466,29.13779
1001.63,109.1451
1001.795,102.83052
1001.959,136.50477
1002.124,-44.59724
1002.288,104.93541
1002.453,113.35465
1002.617,107.04027
1002.782,81.77971
1002.946,12.28783
1003.11,20.71308
1003.275,27.03166
1003.439,85.99015
1003.603,73.35844
1003.768,35.45595
1003.932,231.16794
1004.096,128.08702
1004.26,35.45595
1004.425,24.9255
1004.589,304.74914
1004.753,115.45937
1004.917,88.09531
1005.081,56.51426
1005.246,45.98554
1005.41,37.56194
1005.574,136.50477
1005.738,39.66789
1005.902,-10.88449
1006.066,149.13041
1006.23,-12.99128
1006.394,96.51563
1006.558,128.08702
1006.722,-27.73974
1006.886,31.24388
1007.05,149.13041
1007.214,50.19713
1007.377,54.40859
1007.541,165.96272
1007.705,100.72559
1007.869,-71.99549
1008.033,121.77335
1008.197,153.33868
1008.36,-21.41876
1008.524,191.2072
1008.688,193.31069
1008.852,157.54683
1009.015,134.40039
1009.179,294.23995
1009.343,31.24388
1009.506,81.77971
1009.67,35.45595
1009.833,83.88495
1009.997,71.25304
1010.16,85.99015
1010.324,136.50477
1010.488,165.96272
1010.651,193.31069
1010.815,153.33868
1010.978,191.2072
1011.141,121.77335
1011.305,58.6199
1011.468,182.7929
1011.632,77.56915
1011.795,-93.07515
1011.958,98.62063
1012.122,153.33868
1012.285,117.56406
1012.448,300.54556
1012.611,147.02622
1012.775,54.40859
1012.938,130.19151
1013.101,41.77381
1013.264,195.41415
1013.427,182.7929
1013.591,208.03422
1013.754,20.71308
1013.917,132.29596
1014.08,113.35465
1014.243,-187.97819
1014.406,560.932
1014.569,216.44694
1014.732,-44.59724
1014.895,153.33868
1015.058,90.20044
1015.221,210.13745
1015.384,62.83109
1015.547,191.2072
1015.71,271.11692
1015.873,81.77971
1016.035,31.24388
1016.198,-8.77774
1016.361,165.96272
1016.524,109.1451
1016.687,113.35465
1016.849,64.93663
1017.012,39.66789
1017.175,149.13041
1017.337,75.46381
1017.5,254.29772
1017.663,94.4106
1017.825,144.922
1017.988,199.62097
1018.151,-48.81197
1018.313,136.50477
1018.476,-103.61632
1018.638,5.96852
1018.801,48.09135
1018.963,-42.48993
1019.126,20.71308
1019.288,121.77335
1019.451,119.66872
1019.613,22.81931
1019.776,73.35844
1019.938,-53.02683
1020.1,-12.99128
1020.263,12.28783
1020.425,92.30554
1020.587,45.98554
1020.75,138.60913
1020.912,-82.53488
1021.074,153.33868
1021.236,-76.21114
1021.398,8.07499
1021.561,155.44277
1021.723,98.62063
1021.885,-158.44492
1022.047,201.72433
1022.209,142.81774
1022.371,85.99015
1022.533,35.45595
1022.695,155.44277
1022.857,245.88735
1023.019,184.89653
1023.181,119.66872
1023.343,231.16794
1023.505,-109.94146
1023.667,115.45937
1023.829,43.87969
1023.991,161.75484
1024.153,-76.21114
1024.315,18.60682
1024.477,174.37807
1024.638,83.88495
1024.8,279.52575
1024.962,90.20044
1025.124,81.77971
1025.286,94.4106
1025.447,252.19518
1025.609,-0.3511
1025.771,22.81931
1025.932,77.56915
1026.094,241.68197
1026.256,233.27081
1026.417,151.23456
1026.579,281.62787
1026.74,-112.0499
1026.902,5.96852
1027.063,58.6199
1027.225,54.40859
1027.386,92.30554
1027.548,45.98554
1027.709,22.81931
1027.871,193.31069
1028.032,247.98999
1028.193,-15.0981
1028.355,64.93663
1028.516,79.67445
1028.677,-50.91938
1028.839,161.75484
1029,90.20044
1029.161,243.78467
1029.323,-116.26691
1029.484,-27.73974
1029.645,92.30554
1029.806,-19.31184
1029.967,252.19518
1030.128,-71.99549
1030.29,24.9255
1030.451,75.46381
1030.612,300.54556
1030.773,107.04027
1030.934,197.51758
1031.095,134.40039
1031.256,75.46381
1031.417,256.40024
1031.578,153.33868
1031.739,165.96272
1031.9,266.91231
1032.061,-44.59724
1032.222,-103.61632
1032.382,-82.53488
1032.543,233.27081
1032.704,208.03422
1032.865,-158.44492
1033.026,-63.56462
1033.187,54.40859
1033.347,-69.88772
1033.508,92.30554
1033.669,64.93663
1033.829,224.85914
1033.99,128.08702
1034.151,-23.52572
1034.311,107.04027
1034.472,29.13779
1034.633,104.93541
1034.793,109.1451
1034.954,182.7929
1035.114,-31.95391
1035.275,128.08702
1035.435,31.24388
1035.596,395.0955
1035.756,58.6199
1035.917,52.30287
1036.077,-71.99549
1036.237,64.93663
1036.398,220.6531
1036.558,140.71345
1036.718,111.24989
1036.879,-10.88449
1037.039,271.11692
1037.199,-2.45771
1037.36,134.40039
1037.52,191.2072
1037.68,-6.67103
1037.84,201.72433
1038,-6.67103
1038.161,12.28783
1038.321,-21.41876
1038.481,199.62097
1038.641,24.9255
1038.801,67.04213
1038.961,203.82766
1039.121,104.93541
1039.281,107.04027
1039.441,216.44694
1039.601,35.45595
1039.761,18.60682
1039.921,130.19151
1040.081,90.20044
1040.241,14.39419
1040.401,250.0926
1040.561,-36.16821
1040.72,35.45595
1040.88,-19.31184
1041.04,174.37807
1041.2,73.35844
1041.36,33.34993
1041.519,109.1451
1041.679,8.07499
1041.839,134.40039
1041.999,48.09135
1042.158,195.41415
1042.318,-8.77774
1042.477,245.88735
1042.637,174.37807
